ID;Time;status
273;2022-04-08 17:31:09;
273;2022-04-11 07:35:38;
273;2022-04-11 17:32:19;
273;2022-04-12 17:31:44;
273;2022-04-13 08:13:39;
273;2022-04-13 17:35:11;
273;2022-04-13 17:35:14;
273;2022-04-14 07:57:49;
273;2022-04-14 07:57:52;
273;2022-04-14 17:32:25;
273;2022-04-18 07:41:24;
273;2022-04-18 17:33:07;
273;2022-04-19 07:42:47;
273;2022-04-19 17:32:18;
273;2022-04-20 07:35:26;
273;2022-04-20 17:32:08;
273;2022-04-21 07:30:34;
273;2022-04-21 13:33:39;
273;2022-04-21 13:33:43;
273;2022-04-22 07:33:56;
273;2022-04-22 07:33:59;
273;2022-04-22 07:49:12;
273;2022-04-22 17:31:45;
273;2022-04-25 07:32:01;
273;2022-04-25 07:32:04;
273;2022-04-25 17:32:07;
696;2022-04-08 11:33:44;
696;2022-04-08 11:33:47;
696;2022-04-08 11:33:50;
696;2022-04-11 07:22:20;
696;2022-04-11 07:22:23;
696;2022-04-11 09:48:52;
696;2022-04-11 09:50:23;
696;2022-04-11 09:50:25;
696;2022-04-11 09:52:32;
696;2022-04-11 17:34:07;
696;2022-04-12 07:32:52;
696;2022-04-12 17:33:36;
696;2022-04-13 07:29:54;
696;2022-04-13 17:34:10;
696;2022-04-14 07:18:40;
696;2022-04-14 17:35:15;
696;2022-04-18 07:32:14;
696;2022-04-18 17:34:24;
696;2022-04-19 07:36:34;
696;2022-04-19 17:34:03;
696;2022-04-20 07:42:46;
696;2022-04-20 14:30:45;
696;2022-04-20 14:30:59;
696;2022-04-20 14:36:48;
696;2022-04-20 14:36:50;
696;2022-04-20 17:34:22;
696;2022-04-21 07:32:42;
696;2022-04-22 07:52:30;
696;2022-04-25 07:21:40;
696;2022-04-25 17:33:25;
309;2022-04-08 17:31:43;
309;2022-04-11 07:50:34;
309;2022-04-11 17:33:26;
309;2022-04-12 07:36:46;
309;2022-04-12 17:32:18;
309;2022-04-12 17:32:21;
309;2022-04-13 07:47:24;
309;2022-04-13 07:47:28;
309;2022-04-13 17:35:03;
309;2022-04-14 07:46:05;
309;2022-04-14 17:32:03;
309;2022-04-18 07:47:03;
309;2022-04-18 07:47:07;
309;2022-04-18 17:32:59;
309;2022-04-19 07:41:54;
309;2022-04-19 17:32:33;
309;2022-04-20 07:49:15;
309;2022-04-20 07:49:18;
309;2022-04-20 17:32:03;
309;2022-04-21 08:45:24;
309;2022-04-22 07:50:51;
309;2022-04-22 08:44:50;
309;2022-04-22 17:31:52;
309;2022-04-22 17:31:55;
309;2022-04-25 07:32:39;
309;2022-04-25 07:32:42;
309;2022-04-25 07:32:57;
309;2022-04-25 07:33:08;
309;2022-04-25 08:49:56;
309;2022-04-25 17:32:40;
309;2022-04-25 17:32:43;
310;2022-04-08 17:31:14;
310;2022-04-11 07:45:50;
310;2022-04-11 17:32:24;
310;2022-04-12 07:43:59;
310;2022-04-12 17:31:39;
310;2022-04-13 07:34:21;
310;2022-04-13 17:31:46;
310;2022-04-14 07:39:44;
310;2022-04-14 17:32:33;
310;2022-04-18 07:38:19;
310;2022-04-18 17:32:18;
310;2022-04-19 07:40:17;
310;2022-04-19 17:32:13;
310;2022-04-20 07:41:09;
310;2022-04-20 17:32:25;
310;2022-04-21 07:45:29;
310;2022-04-22 07:49:01;
310;2022-04-22 17:31:09;
310;2022-04-25 07:46:40;
310;2022-04-25 17:32:14;
272;2022-04-08 10:21:43;
272;2022-04-08 16:37:39;
272;2022-04-11 10:07:23;
272;2022-04-11 17:19:11;
272;2022-04-12 09:53:20;
272;2022-04-12 17:08:03;
272;2022-04-13 10:11:44;
272;2022-04-13 17:37:40;
272;2022-04-14 09:57:41;
272;2022-04-14 09:57:43;
272;2022-04-19 09:59:21;
272;2022-04-19 16:55:44;
272;2022-04-20 10:11:11;
272;2022-04-20 17:06:05;
272;2022-04-21 10:10:06;
316;2022-04-08 17:31:38;
316;2022-04-11 07:25:42;
316;2022-04-11 07:25:45;
316;2022-04-11 17:32:54;
316;2022-04-12 07:31:13;
316;2022-04-12 17:33:15;
316;2022-04-13 07:32:25;
316;2022-04-13 17:32:19;
316;2022-04-14 07:31:00;
316;2022-04-14 07:31:03;
316;2022-04-14 17:36:24;
316;2022-04-18 07:26:07;
316;2022-04-18 17:33:32;
316;2022-04-19 07:32:14;
316;2022-04-19 17:33:27;
316;2022-04-20 07:32:14;
316;2022-04-20 17:32:48;
316;2022-04-21 07:31:15;
316;2022-04-22 17:32:37;
316;2022-04-25 07:32:28;
316;2022-04-25 17:33:12;
;2022-04-08 17:36:49;
;2022-04-08 17:36:52;
;2022-04-11 09:37:12;
;2022-04-11 09:37:16;
;2022-04-11 12:08:32;
;2022-04-13 09:50:45;
;2022-04-13 09:50:47;
;2022-04-14 08:58:14;
;2022-04-14 08:58:17;
;2022-04-14 17:47:36;
;2022-04-14 17:47:40;
;2022-04-18 09:39:48;
;2022-04-18 17:35:05;
;2022-04-18 17:35:08;
;2022-04-19 11:26:09;
;2022-04-19 11:26:18;
;2022-04-19 11:26:21;
;2022-04-19 17:36:21;
;2022-04-19 17:36:24;
291;2022-04-08 17:09:20;
291;2022-04-08 17:09:23;
291;2022-04-11 07:10:56;
291;2022-04-11 16:48:20;
291;2022-04-11 16:48:23;
291;2022-04-12 07:11:03;
291;2022-04-12 16:56:07;
291;2022-04-13 07:14:11;
291;2022-04-13 16:49:32;
291;2022-04-14 07:12:32;
291;2022-04-14 17:44:24;
291;2022-04-18 07:23:36;
291;2022-04-18 07:23:39;
291;2022-04-18 16:57:56;
291;2022-04-19 07:07:29;
291;2022-04-19 07:07:32;
291;2022-04-19 17:02:01;
291;2022-04-20 07:11:28;
291;2022-04-20 16:58:26;
291;2022-04-21 07:04:57;
291;2022-04-22 08:49:59;
291;2022-04-22 17:09:30;
291;2022-04-22 17:33:39;
291;2022-04-22 17:33:41;
291;2022-04-22 17:33:58;
291;2022-04-23 07:50:58;
291;2022-04-23 15:01:15;
291;2022-04-25 06:58:13;
291;2022-04-25 07:22:06;
291;2022-04-25 17:00:24;
290;2022-04-08 17:34:15;
290;2022-04-11 07:54:29;
290;2022-04-11 07:54:32;
290;2022-04-11 17:33:39;
290;2022-04-12 07:52:18;
290;2022-04-12 07:52:21;
290;2022-04-12 17:34:06;
290;2022-04-13 08:00:31;
290;2022-04-13 17:33:41;
290;2022-04-14 07:54:08;
290;2022-04-14 07:54:11;
290;2022-04-14 17:33:50;
290;2022-04-18 07:56:54;
290;2022-04-18 07:56:57;
290;2022-04-18 17:31:55;
290;2022-04-19 08:01:18;
290;2022-04-19 17:32:58;
290;2022-04-20 07:58:31;
290;2022-04-20 17:33:05;
290;2022-04-21 08:01:34;
290;2022-04-22 07:54:26;
290;2022-04-22 17:33:06;
290;2022-04-22 17:33:14;
290;2022-04-22 17:33:17;
290;2022-04-25 07:56:28;
290;2022-04-25 07:56:32;
290;2022-04-25 17:34:11;
353;2022-04-08 17:33:36;
353;2022-04-11 08:36:43;
353;2022-04-11 17:32:40;
353;2022-04-12 08:38:22;
353;2022-04-12 17:35:04;
353;2022-04-13 08:36:18;
353;2022-04-13 17:33:33;
353;2022-04-14 08:34:45;
353;2022-04-14 17:33:30;
353;2022-04-18 08:31:21;
353;2022-04-18 17:31:44;
353;2022-04-19 08:33:55;
353;2022-04-19 08:34:00;
353;2022-04-19 17:33:20;
353;2022-04-20 08:40:41;
353;2022-04-20 17:33:17;
353;2022-04-21 08:37:27;
353;2022-04-21 08:37:30;
353;2022-04-22 17:35:03;
353;2022-04-25 07:16:27;
353;2022-04-25 07:16:30;
353;2022-04-25 07:16:41;
353;2022-04-25 08:43:28;
353;2022-04-25 17:32:59;
311;2022-04-08 17:33:53;
311;2022-04-11 07:31:20;
311;2022-04-11 17:33:31;
311;2022-04-12 07:27:22;
311;2022-04-12 17:33:54;
311;2022-04-13 07:34:30;
311;2022-04-13 17:34:04;
311;2022-04-14 07:33:47;
311;2022-04-14 17:35:04;
311;2022-04-14 17:35:09;
311;2022-04-18 07:38:08;
311;2022-04-18 17:33:26;
311;2022-04-19 07:29:46;
311;2022-04-19 17:33:03;
311;2022-04-20 07:45:47;
311;2022-04-20 17:32:53;
311;2022-04-21 08:00:21;
311;2022-04-22 09:12:37;
311;2022-04-22 09:12:40;
311;2022-04-22 17:32:47;
311;2022-04-25 07:40:11;
311;2022-04-25 17:33:59;
308;2022-04-08 17:31:04;
308;2022-04-11 07:59:12;
308;2022-04-11 17:32:03;
308;2022-04-12 08:13:07;
308;2022-04-12 17:34:55;
308;2022-04-13 07:47:09;
308;2022-04-13 17:33:11;
308;2022-04-14 07:50:45;
308;2022-04-14 17:32:37;
308;2022-04-18 07:56:33;
308;2022-04-18 17:32:23;
308;2022-04-19 08:10:58;
308;2022-04-19 17:32:54;
308;2022-04-21 08:10:26;
308;2022-04-22 07:48:54;
308;2022-04-22 08:44:40;
308;2022-04-22 08:44:47;
308;2022-04-22 08:45:03;
308;2022-04-22 08:45:07;
308;2022-04-22 08:45:10;
308;2022-04-22 17:31:15;
308;2022-04-22 17:31:20;
308;2022-04-22 17:31:27;
308;2022-04-22 17:31:33;
308;2022-04-25 07:32:35;
308;2022-04-25 07:32:46;
308;2022-04-25 07:33:02;
308;2022-04-25 07:33:18;
308;2022-04-25 07:47:53;
308;2022-04-25 17:33:38;
489;2022-04-08 17:34:03;
489;2022-04-11 07:19:41;
489;2022-04-11 17:32:59;
489;2022-04-12 07:29:34;
489;2022-04-12 17:33:41;
489;2022-04-13 07:20:08;
489;2022-04-13 17:32:41;
489;2022-04-13 17:32:43;
489;2022-04-14 07:22:06;
489;2022-04-14 17:34:19;
489;2022-04-18 07:26:15;
489;2022-04-18 17:33:12;
489;2022-04-19 07:29:38;
489;2022-04-19 17:33:14;
489;2022-04-20 07:24:06;
489;2022-04-20 17:32:59;
489;2022-04-21 07:20:03;
489;2022-04-22 17:36:19;
489;2022-04-25 07:24:59;
489;2022-04-25 17:33:04;
275;2022-04-08 10:18:01;
275;2022-04-08 17:10:13;
275;2022-04-11 12:32:03;
275;2022-04-11 12:32:10;
275;2022-04-11 17:18:52;
275;2022-04-12 17:29:39;
275;2022-04-14 10:35:39;
275;2022-04-14 10:35:41;
275;2022-04-14 15:24:02;
275;2022-04-18 10:30:06;
275;2022-04-18 17:08:41;
275;2022-04-19 10:12:41;
275;2022-04-19 15:55:36;
275;2022-04-20 10:29:30;
275;2022-04-20 17:07:55;
275;2022-04-21 10:19:33;
280;2022-04-08 17:32:16;
280;2022-04-08 17:32:19;
280;2022-04-11 08:20:40;
280;2022-04-11 17:31:56;
280;2022-04-11 17:31:58;
280;2022-04-12 08:07:07;
280;2022-04-12 17:38:35;
280;2022-04-12 17:38:38;
280;2022-04-13 08:47:45;
280;2022-04-13 17:31:07;
280;2022-04-14 08:16:18;
280;2022-04-14 17:40:26;
280;2022-04-18 08:26:51;
280;2022-04-18 17:30:57;
280;2022-04-18 17:31:00;
280;2022-04-19 08:26:35;
280;2022-04-19 17:30:58;
280;2022-04-19 17:31:01;
280;2022-04-20 08:27:11;
280;2022-04-20 17:31:00;
280;2022-04-21 08:05:17;
280;2022-04-21 08:05:20;
280;2022-04-22 17:30:26;
280;2022-04-22 17:30:29;
280;2022-04-25 08:18:06;
280;2022-04-25 17:34:04;
276;2022-04-08 17:32:07;
276;2022-04-08 17:32:10;
276;2022-04-11 08:16:41;
276;2022-04-11 17:31:47;
276;2022-04-11 17:31:50;
276;2022-04-12 08:12:59;
276;2022-04-12 08:13:03;
276;2022-04-12 17:32:52;
276;2022-04-12 17:33:02;
276;2022-04-12 17:33:04;
276;2022-04-13 08:13:08;
276;2022-04-13 08:13:12;
276;2022-04-13 17:30:40;
276;2022-04-13 17:30:44;
276;2022-04-14 08:08:13;
276;2022-04-14 17:32:56;
276;2022-04-14 17:32:59;
276;2022-04-18 08:02:43;
276;2022-04-18 08:02:51;
276;2022-04-18 08:02:55;
276;2022-04-18 17:30:41;
276;2022-04-19 08:25:39;
276;2022-04-19 17:30:39;
276;2022-04-20 08:11:59;
276;2022-04-20 08:12:11;
276;2022-04-20 17:30:17;
276;2022-04-20 17:30:21;
276;2022-04-21 08:17:22;
276;2022-04-21 08:17:25;
277;2022-04-08 17:33:29;
277;2022-04-11 07:59:31;
277;2022-04-11 17:33:56;
277;2022-04-12 07:54:12;
277;2022-04-12 17:32:45;
277;2022-04-13 07:57:24;
277;2022-04-13 17:31:15;
277;2022-04-14 07:59:30;
277;2022-04-14 17:33:23;
277;2022-04-18 08:12:00;
277;2022-04-18 17:30:31;
277;2022-04-19 07:56:24;
277;2022-04-19 17:32:49;
277;2022-04-20 07:56:36;
277;2022-04-20 17:30:34;
277;2022-04-21 08:21:08;
277;2022-04-22 08:13:10;
277;2022-04-22 08:44:23;
277;2022-04-22 08:44:26;
277;2022-04-22 17:29:57;
277;2022-04-22 17:31:24;
277;2022-04-25 07:51:13;
277;2022-04-25 17:33:54;
278;2022-04-08 17:33:24;
278;2022-04-11 08:05:26;
278;2022-04-11 17:33:48;
278;2022-04-12 08:14:42;
278;2022-04-12 17:32:40;
278;2022-04-13 08:07:14;
278;2022-04-13 17:31:25;
278;2022-04-14 08:11:20;
278;2022-04-14 17:33:20;
278;2022-04-18 07:58:37;
278;2022-04-18 17:31:09;
278;2022-04-19 08:07:09;
278;2022-04-19 08:07:12;
278;2022-04-19 17:32:41;
278;2022-04-20 08:04:48;
278;2022-04-20 08:04:51;
278;2022-04-20 17:30:40;
278;2022-04-21 08:15:08;
278;2022-04-21 08:15:18;
366;2022-04-08 17:31:19;
366;2022-04-08 17:31:22;
366;2022-04-11 08:18:36;
366;2022-04-11 08:18:39;
366;2022-04-11 17:31:38;
366;2022-04-11 17:31:41;
366;2022-04-12 08:00:38;
366;2022-04-12 08:00:42;
366;2022-04-12 17:32:08;
366;2022-04-12 17:32:11;
366;2022-04-13 07:55:28;
366;2022-04-13 17:30:28;
366;2022-04-13 17:30:30;
366;2022-04-14 07:54:25;
366;2022-04-14 07:54:28;
366;2022-04-14 17:31:52;
366;2022-04-14 17:31:55;
366;2022-04-18 07:50:29;
366;2022-04-18 07:50:33;
366;2022-04-18 17:30:23;
366;2022-04-18 17:30:26;
366;2022-04-19 07:47:26;
366;2022-04-19 07:47:29;
366;2022-04-19 17:30:23;
366;2022-04-19 17:30:26;
366;2022-04-20 08:15:12;
366;2022-04-20 08:15:16;
366;2022-04-20 17:30:25;
366;2022-04-20 17:30:28;
366;2022-04-21 07:39:20;
366;2022-04-21 07:39:23;
366;2022-04-22 17:30:07;
366;2022-04-22 17:30:10;
366;2022-04-25 07:59:19;
366;2022-04-25 07:59:24;
366;2022-04-25 07:59:27;
366;2022-04-25 07:59:34;
366;2022-04-25 07:59:36;
366;2022-04-25 17:31:57;
366;2022-04-25 17:32:00;
460;2022-04-08 17:31:33;
460;2022-04-11 08:16:16;
460;2022-04-11 17:31:33;
460;2022-04-12 08:13:14;
460;2022-04-12 17:33:11;
460;2022-04-13 08:10:16;
460;2022-04-13 17:30:22;
460;2022-04-14 08:17:53;
460;2022-04-14 17:32:43;
460;2022-04-14 17:32:46;
460;2022-04-18 08:38:08;
460;2022-04-18 17:30:16;
460;2022-04-19 08:06:10;
460;2022-04-19 17:30:31;
460;2022-04-20 08:12:22;
460;2022-04-20 17:06:25;
460;2022-04-20 17:30:45;
460;2022-04-20 17:30:48;
460;2022-04-21 08:06:28;
460;2022-04-22 08:13:05;
460;2022-04-22 17:30:21;
460;2022-04-25 08:18:19;
460;2022-04-25 17:32:26;
460;2022-04-25 17:32:36;
306;2022-04-08 17:34:30;
306;2022-04-08 17:34:33;
306;2022-04-08 17:34:42;
306;2022-04-08 17:34:45;
306;2022-04-11 08:21:27;
306;2022-04-11 08:21:41;
306;2022-04-11 08:21:44;
306;2022-04-11 17:34:16;
306;2022-04-12 08:26:45;
306;2022-04-12 08:26:49;
306;2022-04-12 17:35:23;
306;2022-04-12 17:35:27;
306;2022-04-13 08:17:57;
306;2022-04-13 17:34:56;
306;2022-04-14 08:24:26;
306;2022-04-14 17:34:54;
306;2022-04-18 08:42:09;
306;2022-04-18 08:42:12;
306;2022-04-18 17:34:41;
306;2022-04-18 17:34:44;
306;2022-04-19 08:09:25;
306;2022-04-19 08:09:29;
306;2022-04-19 08:09:32;
306;2022-04-19 17:34:17;
306;2022-04-19 17:34:21;
306;2022-04-20 08:27:20;
306;2022-04-20 08:27:24;
306;2022-04-20 17:34:01;
306;2022-04-20 17:34:04;
306;2022-04-21 08:38:39;
306;2022-04-21 08:38:44;
306;2022-04-22 08:29:41;
306;2022-04-22 08:29:45;
306;2022-04-22 08:29:48;
306;2022-04-22 08:29:51;
306;2022-04-22 08:29:54;
306;2022-04-22 17:35:11;
306;2022-04-22 17:35:14;
306;2022-04-25 08:23:51;
306;2022-04-25 17:37:30;
306;2022-04-25 17:37:33;
293;2022-04-08 17:35:38;
293;2022-04-11 08:02:07;
293;2022-04-11 17:34:01;
293;2022-04-12 17:35:30;
293;2022-04-13 08:05:18;
293;2022-04-13 17:33:26;
293;2022-04-14 08:09:01;
293;2022-04-14 08:09:04;
293;2022-04-14 17:35:22;
293;2022-04-18 08:05:44;
293;2022-04-18 17:33:57;
293;2022-04-19 07:06:01;
293;2022-04-19 08:05:10;
293;2022-04-19 17:33:56;
293;2022-04-20 08:11:32;
293;2022-04-20 17:33:32;
293;2022-04-21 08:11:14;
293;2022-04-22 17:33:47;
293;2022-04-25 08:06:19;
293;2022-04-25 08:06:22;
293;2022-04-25 17:38:39;
352;2022-04-08 17:34:51;
352;2022-04-11 07:28:02;
352;2022-04-11 17:39:05;
352;2022-04-12 07:23:43;
352;2022-04-12 17:35:11;
352;2022-04-13 07:26:01;
352;2022-04-13 17:33:48;
352;2022-04-14 07:19:27;
352;2022-04-14 17:33:56;
352;2022-04-18 07:17:15;
352;2022-04-18 17:31:26;
352;2022-04-19 07:12:53;
352;2022-04-19 17:33:51;
352;2022-04-20 07:20:14;
352;2022-04-20 17:32:30;
352;2022-04-21 07:26:54;
352;2022-04-22 07:55:19;
352;2022-04-22 17:32:41;
352;2022-04-23 06:44:25;
352;2022-04-23 06:44:27;
352;2022-04-23 06:44:33;
352;2022-04-23 06:44:43;
352;2022-04-23 15:00:08;
352;2022-04-25 07:18:31;
352;2022-04-25 17:30:33;
289;2022-04-08 16:40:48;
289;2022-04-08 16:40:51;
289;2022-04-11 08:06:28;
289;2022-04-11 08:06:39;
289;2022-04-11 16:08:02;
289;2022-04-11 16:08:05;
289;2022-04-11 16:08:08;
289;2022-04-12 08:20:34;
289;2022-04-12 08:20:44;
289;2022-04-12 08:20:47;
289;2022-04-12 08:20:57;
289;2022-04-12 16:08:08;
289;2022-04-12 16:08:11;
289;2022-04-12 16:08:14;
289;2022-04-12 16:08:17;
289;2022-04-12 16:08:20;
289;2022-04-13 07:59:15;
289;2022-04-13 07:59:22;
289;2022-04-13 07:59:25;
289;2022-04-13 16:05:09;
289;2022-04-13 16:05:13;
289;2022-04-14 08:06:43;
289;2022-04-14 08:06:46;
289;2022-04-14 16:01:33;
289;2022-04-18 07:58:24;
289;2022-04-18 16:02:45;
289;2022-04-18 16:02:50;
289;2022-04-19 08:24:59;
289;2022-04-19 08:25:04;
289;2022-04-19 16:03:09;
289;2022-04-19 16:03:12;
289;2022-04-20 08:10:01;
289;2022-04-20 16:02:49;
289;2022-04-20 16:02:53;
289;2022-04-21 08:24:12;
289;2022-04-22 07:53:35;
289;2022-04-22 07:53:40;
289;2022-04-22 16:13:55;
289;2022-04-22 16:13:59;
289;2022-04-25 07:58:48;
289;2022-04-25 07:58:52;
289;2022-04-25 16:01:32;
289;2022-04-25 16:01:36;
292;2022-04-08 17:33:58;
292;2022-04-11 06:54:31;
292;2022-04-11 16:30:37;
292;2022-04-11 16:30:46;
292;2022-04-11 16:30:50;
292;2022-04-12 06:54:20;
292;2022-04-12 06:54:24;
292;2022-04-12 16:32:28;
292;2022-04-12 16:32:34;
292;2022-04-12 16:32:42;
292;2022-04-12 16:32:50;
292;2022-04-12 16:32:54;
292;2022-04-12 16:32:57;
292;2022-04-12 16:33:01;
292;2022-04-12 16:33:04;
292;2022-04-12 16:33:15;
292;2022-04-12 16:33:18;
292;2022-04-12 16:33:25;
292;2022-04-12 16:33:28;
292;2022-04-12 16:33:31;
292;2022-04-12 16:33:40;
292;2022-04-12 16:33:43;
292;2022-04-12 16:33:46;
292;2022-04-12 16:33:53;
292;2022-04-13 06:56:43;
292;2022-04-13 06:56:47;
292;2022-04-13 16:32:30;
292;2022-04-13 16:32:37;
292;2022-04-13 16:32:40;
292;2022-04-14 06:54:39;
292;2022-04-14 06:54:42;
292;2022-04-14 16:32:18;
292;2022-04-14 16:32:21;
292;2022-04-18 06:51:55;
292;2022-04-18 06:51:59;
292;2022-04-18 16:30:44;
292;2022-04-18 16:30:52;
292;2022-04-18 16:30:55;
292;2022-04-18 16:30:58;
292;2022-04-18 16:31:12;
292;2022-04-18 16:31:28;
292;2022-04-18 16:31:30;
292;2022-04-18 16:31:33;
292;2022-04-18 16:31:42;
292;2022-04-18 16:31:46;
292;2022-04-18 16:31:49;
292;2022-04-18 16:31:52;
292;2022-04-18 16:31:55;
292;2022-04-18 16:32:03;
292;2022-04-18 16:32:13;
292;2022-04-18 16:32:16;
292;2022-04-18 16:32:22;
292;2022-04-18 16:33:02;
292;2022-04-19 06:53:57;
292;2022-04-19 16:32:22;
292;2022-04-19 16:32:26;
292;2022-04-19 16:32:52;
292;2022-04-20 06:51:53;
292;2022-04-20 16:30:21;
292;2022-04-20 16:30:24;
292;2022-04-21 06:57:09;
292;2022-04-21 06:57:12;
292;2022-04-22 08:09:49;
292;2022-04-22 08:40:38;
294;2022-04-08 17:01:30;
294;2022-04-08 17:01:33;
294;2022-04-11 06:57:05;
294;2022-04-11 06:57:08;
294;2022-04-11 17:02:16;
294;2022-04-11 17:02:21;
294;2022-04-11 17:02:24;
294;2022-04-12 06:56:06;
294;2022-04-12 06:56:10;
294;2022-04-12 17:00:52;
294;2022-04-12 17:00:56;
294;2022-04-13 06:48:16;
294;2022-04-13 06:48:20;
294;2022-04-13 17:01:40;
294;2022-04-13 17:01:43;
294;2022-04-14 06:48:02;
294;2022-04-14 06:48:05;
294;2022-04-14 06:48:10;
294;2022-04-14 17:02:08;
294;2022-04-14 17:02:12;
294;2022-04-18 06:48:08;
294;2022-04-18 06:48:12;
294;2022-04-18 17:01:23;
294;2022-04-19 06:51:41;
294;2022-04-19 06:51:46;
294;2022-04-19 17:01:17;
294;2022-04-19 17:01:21;
294;2022-04-20 06:46:21;
294;2022-04-20 06:46:25;
294;2022-04-20 17:01:13;
294;2022-04-20 17:01:17;
294;2022-04-21 06:46:12;
294;2022-04-21 06:46:16;
294;2022-04-22 17:01:01;
294;2022-04-22 17:01:05;
294;2022-04-23 07:03:36;
294;2022-04-23 14:59:52;
294;2022-04-25 06:46:52;
294;2022-04-25 17:01:34;
294;2022-04-25 17:01:38;
295;2022-04-08 17:01:01;
295;2022-04-11 07:20:11;
295;2022-04-12 07:29:25;
295;2022-04-12 17:33:50;
295;2022-04-13 07:24:25;
295;2022-04-13 17:32:54;
295;2022-04-14 07:21:51;
295;2022-04-14 17:34:02;
295;2022-04-18 07:20:06;
295;2022-04-18 17:33:50;
295;2022-04-19 07:18:02;
295;2022-04-19 17:34:10;
295;2022-04-20 07:33:52;
295;2022-04-20 17:33:10;
295;2022-04-21 07:29:42;
295;2022-04-22 08:09:04;
295;2022-04-22 17:32:53;
295;2022-04-23 06:42:26;
295;2022-04-23 14:59:24;
295;2022-04-25 06:42:21;
295;2022-04-25 16:30:19;
297;2022-04-08 17:33:47;
297;2022-04-11 06:58:46;
297;2022-04-11 16:31:09;
297;2022-04-12 06:57:59;
297;2022-04-12 16:30:58;
297;2022-04-13 06:54:33;
297;2022-04-13 16:30:04;
297;2022-04-13 16:30:06;
297;2022-04-14 06:57:28;
297;2022-04-14 15:01:41;
297;2022-04-18 06:53:34;
297;2022-04-18 16:32:41;
297;2022-04-19 06:54:34;
297;2022-04-19 16:32:32;
297;2022-04-20 06:55:20;
297;2022-04-20 16:30:10;
297;2022-04-21 06:55:00;
297;2022-04-22 08:43:08;
297;2022-04-22 16:59:08;
297;2022-04-22 16:59:11;
297;2022-04-23 06:52:32;
297;2022-04-23 14:58:51;
297;2022-04-25 06:58:07;
297;2022-04-25 07:28:41;
297;2022-04-25 07:28:45;
297;2022-04-25 17:30:39;
299;2022-04-08 17:30:53;
299;2022-04-11 07:57:22;
299;2022-04-11 17:31:25;
299;2022-04-12 08:00:13;
299;2022-04-12 17:31:14;
299;2022-04-13 08:13:16;
299;2022-04-13 08:13:20;
299;2022-04-13 17:30:50;
299;2022-04-14 07:55:23;
299;2022-04-14 17:30:58;
299;2022-04-14 17:31:01;
299;2022-04-18 08:02:15;
299;2022-04-18 17:30:49;
299;2022-04-19 08:00:54;
299;2022-04-19 08:00:57;
299;2022-04-19 17:30:46;
299;2022-04-19 17:30:49;
299;2022-04-20 08:05:00;
299;2022-04-20 17:31:07;
299;2022-04-21 08:01:08;
299;2022-04-21 08:01:12;
299;2022-04-22 08:09:14;
299;2022-04-22 08:09:19;
299;2022-04-22 17:31:01;
299;2022-04-23 07:09:27;
299;2022-04-23 15:02:12;
299;2022-04-25 08:02:41;
299;2022-04-25 08:02:44;
299;2022-04-25 17:30:57;
299;2022-04-25 17:31:00;
300;2022-04-11 06:53:53;
300;2022-04-11 06:53:56;
300;2022-04-11 16:33:16;
300;2022-04-11 16:33:20;
300;2022-04-12 06:54:08;
300;2022-04-12 16:35:53;
300;2022-04-12 16:35:56;
300;2022-04-13 06:57:27;
300;2022-04-13 06:57:29;
300;2022-04-13 16:35:02;
300;2022-04-13 16:35:06;
300;2022-04-13 16:35:10;
300;2022-04-14 06:54:51;
300;2022-04-14 06:54:54;
300;2022-04-14 16:28:54;
300;2022-04-18 06:55:18;
300;2022-04-18 06:55:21;
300;2022-04-18 16:32:31;
300;2022-04-19 06:57:37;
300;2022-04-19 06:57:40;
300;2022-04-19 16:41:38;
300;2022-04-20 06:59:00;
300;2022-04-20 16:33:20;
300;2022-04-21 06:58:36;
300;2022-04-21 06:58:39;
300;2022-04-22 07:58:50;
300;2022-04-22 07:58:53;
300;2022-04-22 16:59:37;
300;2022-04-23 07:02:41;
300;2022-04-23 07:02:44;
300;2022-04-23 15:00:02;
300;2022-04-25 07:28:33;
300;2022-04-25 07:28:36;
300;2022-04-25 17:33:16;
300;2022-04-25 17:33:20;
301;2022-04-08 17:02:09;
301;2022-04-08 17:02:12;
301;2022-04-11 05:55:21;
301;2022-04-11 05:55:24;
301;2022-04-11 05:55:27;
301;2022-04-11 17:03:24;
301;2022-04-11 17:03:27;
301;2022-04-11 17:03:30;
301;2022-04-12 06:05:25;
301;2022-04-12 06:05:28;
301;2022-04-12 17:02:31;
301;2022-04-12 17:02:34;
301;2022-04-12 17:02:37;
301;2022-04-13 05:59:29;
301;2022-04-13 05:59:32;
301;2022-04-13 05:59:34;
301;2022-04-13 17:02:37;
301;2022-04-13 17:02:40;
301;2022-04-13 17:02:43;
301;2022-04-14 05:58:28;
301;2022-04-14 05:58:31;
301;2022-04-14 05:58:34;
301;2022-04-14 17:01:55;
301;2022-04-14 17:01:58;
301;2022-04-18 05:57:20;
301;2022-04-18 05:57:23;
301;2022-04-18 05:57:26;
301;2022-04-18 17:01:40;
301;2022-04-18 17:01:43;
301;2022-04-19 05:55:11;
301;2022-04-19 05:55:13;
301;2022-04-19 05:55:16;
301;2022-04-19 17:01:37;
301;2022-04-19 17:01:41;
301;2022-04-19 17:01:44;
301;2022-04-20 05:59:37;
301;2022-04-20 05:59:40;
301;2022-04-20 05:59:43;
301;2022-04-20 17:01:55;
301;2022-04-20 17:01:58;
301;2022-04-21 06:06:18;
301;2022-04-21 06:06:21;
304;2022-04-08 17:34:08;
304;2022-04-08 17:34:11;
304;2022-04-11 09:09:58;
304;2022-04-11 17:33:22;
304;2022-04-13 08:34:21;
304;2022-04-08 17:34:22;
304;2022-04-08 17:34:25;
304;2022-04-11 06:30:12;
304;2022-04-11 06:30:15;
304;2022-04-11 16:31:00;
304;2022-04-12 06:32:58;
304;2022-04-12 06:33:00;
304;2022-04-12 16:31:09;
304;2022-04-12 16:31:11;
304;2022-04-13 06:25:56;
304;2022-04-13 06:25:59;
304;2022-04-13 06:26:05;
304;2022-04-13 16:29:57;
304;2022-04-13 16:30:00;
304;2022-04-14 06:24:33;
304;2022-04-14 16:34:25;
304;2022-04-14 16:34:28;
304;2022-04-18 06:22:18;
304;2022-04-18 06:22:21;
304;2022-04-18 16:31:20;
304;2022-04-18 16:31:23;
304;2022-04-19 06:30:08;
304;2022-04-19 06:30:11;
304;2022-04-19 16:32:04;
304;2022-04-19 16:32:07;
304;2022-04-20 06:27:08;
304;2022-04-20 06:27:10;
304;2022-04-20 06:27:13;
304;2022-04-20 06:27:16;
304;2022-04-20 06:27:22;
304;2022-04-20 16:30:30;
304;2022-04-21 06:34:36;
304;2022-04-21 06:34:46;
304;2022-04-21 06:34:50;
304;2022-04-22 08:31:26;
304;2022-04-22 08:31:29;
304;2022-04-22 16:59:45;
304;2022-04-22 16:59:49;
304;2022-04-23 06:34:52;
304;2022-04-23 06:34:55;
304;2022-04-23 14:58:43;
304;2022-04-23 14:58:47;
304;2022-04-25 06:27:46;
304;2022-04-25 17:33:31;
304;2022-04-25 17:33:34;
307;2022-04-08 17:09:28;
307;2022-04-08 17:09:31;
307;2022-04-12 07:24:55;
307;2022-04-12 17:08:52;
307;2022-04-13 07:29:34;
307;2022-04-13 17:10:38;
307;2022-04-14 07:23:15;
307;2022-04-14 07:23:19;
307;2022-04-14 17:35:49;
307;2022-04-18 07:17:34;
307;2022-04-19 07:22:49;
307;2022-04-19 07:22:52;
307;2022-04-20 07:25:41;
307;2022-04-20 17:05:09;
307;2022-04-21 07:41:08;
307;2022-04-22 08:51:15;
307;2022-04-22 17:00:27;
307;2022-04-23 07:13:34;
307;2022-04-23 15:00:55;
307;2022-04-25 07:17:25;
307;2022-04-25 17:03:38;
335;2022-04-08 17:01:10;
335;2022-04-08 17:33:42;
335;2022-04-11 07:36:51;
335;2022-04-11 17:33:05;
335;2022-04-12 07:20:35;
335;2022-04-12 07:20:38;
335;2022-04-12 17:33:23;
335;2022-04-12 17:33:25;
335;2022-04-13 07:30:10;
335;2022-04-13 07:30:13;
335;2022-04-13 07:30:17;
335;2022-04-13 07:30:20;
335;2022-04-13 17:32:27;
335;2022-04-13 17:32:34;
335;2022-04-14 07:28:50;
335;2022-04-14 07:28:53;
335;2022-04-14 17:33:36;
335;2022-04-14 17:33:45;
335;2022-04-18 07:31:26;
335;2022-04-18 07:31:29;
335;2022-04-18 17:33:19;
335;2022-04-18 17:33:22;
335;2022-04-19 07:28:13;
335;2022-04-19 07:28:16;
335;2022-04-19 16:41:41;
335;2022-04-19 17:33:42;
335;2022-04-20 07:36:41;
335;2022-04-20 07:36:44;
335;2022-04-20 16:33:17;
335;2022-04-20 17:33:23;
335;2022-04-21 07:31:25;
335;2022-04-22 08:09:39;
335;2022-04-22 08:09:43;
335;2022-04-22 08:33:27;
335;2022-04-22 08:33:30;
335;2022-04-22 08:33:32;
335;2022-04-22 08:34:01;
335;2022-04-22 08:36:56;
335;2022-04-22 08:36:59;
335;2022-04-22 08:37:11;
62;2022-04-08 17:01:41;
62;2022-04-11 07:21:51;
62;2022-04-11 17:31:07;
62;2022-04-12 07:25:16;
62;2022-04-12 07:25:19;
62;2022-04-12 17:32:03;
62;2022-04-14 07:22:47;
62;2022-04-14 17:31:13;
62;2022-04-18 07:23:46;
62;2022-04-18 17:31:32;
62;2022-04-19 07:29:06;
62;2022-04-19 17:31:15;
62;2022-04-20 07:20:23;
62;2022-04-20 17:32:36;
62;2022-04-21 07:21:16;
62;2022-04-22 08:22:27;
62;2022-04-22 17:12:53;
62;2022-04-22 17:13:01;
62;2022-04-22 17:33:00;
62;2022-04-23 06:53:14;
62;2022-04-25 06:47:06;
62;2022-04-25 16:30:14;
107;2022-04-08 17:01:20;
107;2022-04-08 17:01:24;
107;2022-04-11 07:21:30;
107;2022-04-11 07:21:34;
107;2022-04-11 17:32:47;
107;2022-04-11 17:32:51;
107;2022-04-12 07:15:40;
107;2022-04-12 07:15:43;
107;2022-04-12 17:31:56;
107;2022-04-12 17:31:59;
107;2022-04-13 07:19:25;
107;2022-04-13 07:19:29;
107;2022-04-13 17:30:59;
107;2022-04-13 17:31:02;
107;2022-04-14 07:20:22;
107;2022-04-14 07:20:26;
107;2022-04-14 17:31:05;
107;2022-04-14 17:31:09;
107;2022-04-18 07:25:03;
107;2022-04-18 07:25:07;
107;2022-04-18 17:31:17;
107;2022-04-18 17:31:22;
107;2022-04-19 07:24:01;
107;2022-04-19 07:24:05;
107;2022-04-19 17:31:08;
107;2022-04-19 17:31:11;
107;2022-04-20 07:21:47;
107;2022-04-20 07:21:51;
107;2022-04-20 17:31:34;
107;2022-04-20 17:31:38;
107;2022-04-21 07:23:35;
107;2022-04-21 07:23:39;
107;2022-04-22 08:09:30;
107;2022-04-22 08:09:33;
107;2022-04-22 17:32:20;
107;2022-04-22 17:32:24;
107;2022-04-23 06:46:21;
107;2022-04-23 06:46:24;
107;2022-04-23 14:59:12;
107;2022-04-23 14:59:16;
107;2022-04-25 06:52:20;
107;2022-04-25 06:52:23;
107;2022-04-25 16:30:36;
107;2022-04-25 16:30:41;
283;2022-04-08 17:32:57;
283;2022-04-11 08:21:01;
283;2022-04-11 17:32:31;
283;2022-04-12 08:40:03;
283;2022-04-12 17:31:20;
283;2022-04-13 08:26:25;
283;2022-04-13 08:26:29;
283;2022-04-13 08:26:33;
283;2022-04-13 17:33:20;
283;2022-04-14 08:24:36;
283;2022-04-14 17:32:12;
283;2022-04-19 08:34:28;
283;2022-04-19 17:32:06;
283;2022-04-19 17:32:09;
283;2022-04-20 08:29:13;
283;2022-04-20 08:29:16;
283;2022-04-20 17:33:41;
283;2022-04-21 08:32:33;
283;2022-04-22 11:18:37;
283;2022-04-22 11:18:40;
283;2022-04-22 17:32:15;
283;2022-04-25 08:26:51;
283;2022-04-25 17:35:59;
284;2022-04-08 17:31:50;
284;2022-04-11 08:32:58;
284;2022-04-11 17:30:38;
284;2022-04-12 08:29:19;
284;2022-04-12 17:30:42;
284;2022-04-13 08:21:12;
284;2022-04-13 17:33:03;
284;2022-04-14 08:18:17;
284;2022-04-14 17:31:19;
284;2022-04-18 08:18:42;
284;2022-04-18 17:32:46;
284;2022-04-19 08:24:25;
284;2022-04-19 17:31:22;
284;2022-04-20 08:09:53;
284;2022-04-20 17:31:50;
284;2022-04-20 17:31:53;
284;2022-04-21 08:31:21;
284;2022-04-21 08:31:25;
284;2022-04-22 08:27:18;
284;2022-04-22 17:32:08;
284;2022-04-25 08:23:22;
284;2022-04-25 17:33:49;
285;2022-04-08 17:31:56;
285;2022-04-08 17:31:59;
285;2022-04-11 08:10:43;
285;2022-04-11 08:10:47;
285;2022-04-11 17:30:24;
285;2022-04-11 17:30:27;
285;2022-04-12 08:11:11;
285;2022-04-12 08:11:14;
285;2022-04-12 08:11:16;
285;2022-04-12 17:30:28;
285;2022-04-12 17:30:31;
285;2022-04-13 08:10:06;
285;2022-04-13 08:10:09;
285;2022-04-13 17:31:38;
285;2022-04-13 17:31:42;
285;2022-04-14 08:10:10;
285;2022-04-14 08:10:13;
285;2022-04-14 17:31:27;
285;2022-04-18 08:13:00;
285;2022-04-18 08:13:03;
285;2022-04-18 17:32:01;
285;2022-04-18 17:32:04;
285;2022-04-19 08:11:30;
285;2022-04-19 17:31:27;
285;2022-04-19 17:31:31;
285;2022-04-19 17:31:35;
285;2022-04-20 08:12:40;
285;2022-04-20 08:12:43;
285;2022-04-20 17:31:12;
285;2022-04-20 17:31:15;
285;2022-04-21 08:09:34;
285;2022-04-22 08:22:11;
285;2022-04-22 17:30:33;
285;2022-04-22 17:30:37;
285;2022-04-25 08:09:09;
285;2022-04-25 08:09:12;
285;2022-04-25 17:31:32;
285;2022-04-25 17:31:35;
286;2022-04-08 17:32:45;
286;2022-04-11 08:21:12;
286;2022-04-11 17:30:31;
286;2022-04-11 17:30:34;
286;2022-04-12 08:22:52;
286;2022-04-12 17:31:01;
286;2022-04-13 08:15:19;
286;2022-04-13 17:32:07;
286;2022-04-14 08:14:33;
286;2022-04-14 17:31:45;
286;2022-04-18 08:16:03;
286;2022-04-18 08:16:12;
286;2022-04-18 08:16:15;
286;2022-04-18 17:32:33;
286;2022-04-19 08:17:59;
286;2022-04-19 17:32:00;
286;2022-04-20 08:13:54;
286;2022-04-20 17:31:43;
286;2022-04-20 17:31:46;
286;2022-04-21 08:19:37;
286;2022-04-22 08:27:26;
286;2022-04-22 17:30:03;
286;2022-04-25 08:16:42;
286;2022-04-25 17:31:40;
424;2022-04-08 17:30:59;
424;2022-04-11 07:35:08;
424;2022-04-11 17:32:14;
424;2022-04-12 07:50:09;
424;2022-04-12 17:31:27;
424;2022-04-13 07:37:10;
424;2022-04-13 17:32:01;
424;2022-04-14 07:35:12;
424;2022-04-14 17:33:08;
424;2022-04-18 07:31:48;
424;2022-04-18 17:32:51;
424;2022-04-19 07:30:25;
424;2022-04-19 17:32:28;
424;2022-04-20 07:37:09;
424;2022-04-20 17:31:58;
424;2022-04-21 07:32:23;
424;2022-04-22 08:53:50;
424;2022-04-22 17:31:39;
424;2022-04-23 06:43:14;
424;2022-04-23 14:58:57;
424;2022-04-25 07:33:15;
424;2022-04-25 17:31:51;
520;2022-04-08 17:32:30;
520;2022-04-08 17:32:33;
520;2022-04-11 08:19:26;
520;2022-04-11 08:19:30;
520;2022-04-11 17:30:57;
520;2022-04-12 08:23:23;
520;2022-04-12 08:23:26;
520;2022-04-12 17:31:06;
520;2022-04-12 17:31:09;
520;2022-04-13 08:22:16;
520;2022-04-13 08:22:20;
520;2022-04-13 17:31:53;
520;2022-04-13 17:31:57;
520;2022-04-14 08:21:59;
520;2022-04-14 08:22:09;
520;2022-04-14 17:32:17;
520;2022-04-14 17:32:20;
520;2022-04-18 08:23:18;
520;2022-04-18 08:23:22;
520;2022-04-18 17:32:09;
520;2022-04-18 17:32:13;
520;2022-04-19 08:12:39;
520;2022-04-19 08:12:43;
520;2022-04-19 17:31:38;
520;2022-04-19 17:31:42;
520;2022-04-20 08:19:51;
520;2022-04-20 08:19:54;
520;2022-04-20 17:32:14;
520;2022-04-21 08:14:44;
520;2022-04-21 08:14:49;
520;2022-04-22 08:26:47;
520;2022-04-22 08:26:50;
520;2022-04-22 08:26:53;
520;2022-04-22 17:30:43;
520;2022-04-22 17:30:47;
520;2022-04-25 08:22:16;
520;2022-04-25 08:22:21;
520;2022-04-25 16:36:13;
520;2022-04-25 16:36:16;
615;2022-04-08 17:32:52;
615;2022-04-11 08:33:47;
615;2022-04-11 17:30:48;
615;2022-04-12 09:04:03;
615;2022-04-12 09:04:06;
615;2022-04-12 17:30:48;
615;2022-04-12 17:30:51;
615;2022-04-13 08:13:53;
615;2022-04-13 08:13:57;
615;2022-04-13 17:31:31;
615;2022-04-13 17:31:34;
615;2022-04-14 08:17:59;
615;2022-04-14 08:18:02;
615;2022-04-14 17:31:35;
615;2022-04-18 08:13:31;
615;2022-04-18 08:13:34;
615;2022-04-18 17:32:39;
615;2022-04-19 08:15:05;
615;2022-04-19 08:15:09;
615;2022-04-19 17:31:48;
615;2022-04-20 08:08:37;
615;2022-04-20 08:08:40;
615;2022-04-20 17:31:20;
615;2022-04-21 08:02:49;
615;2022-04-21 08:02:53;
615;2022-04-22 08:13:25;
615;2022-04-22 17:30:54;
615;2022-04-23 06:59:37;
615;2022-04-23 06:59:40;
615;2022-04-23 14:59:04;
615;2022-04-25 08:09:35;
615;2022-04-25 08:09:38;
615;2022-04-25 16:36:22;
615;2022-04-25 16:36:24;
279;2022-04-08 17:32:25;
279;2022-04-11 08:06:55;
279;2022-04-11 17:32:09;
279;2022-04-12 08:09:27;
279;2022-04-12 17:35:36;
279;2022-04-13 08:05:24;
279;2022-04-13 08:05:27;
279;2022-04-13 17:35:18;
279;2022-04-14 08:08:04;
279;2022-04-14 17:32:49;
279;2022-04-18 08:20:02;
279;2022-04-18 17:31:04;
279;2022-04-19 08:08:20;
279;2022-04-19 17:30:54;
279;2022-04-20 08:12:32;
279;2022-04-20 17:30:53;
279;2022-04-21 08:19:46;
279;2022-04-21 08:19:49;
279;2022-04-22 08:13:16;
279;2022-04-22 08:13:20;
279;2022-04-22 17:32:00;
279;2022-04-22 17:32:03;
279;2022-04-23 08:15:27;
279;2022-04-23 15:01:10;
279;2022-04-25 08:07:20;
279;2022-04-25 08:07:24;
279;2022-04-25 17:35:07;
279;2022-04-25 17:35:10;
317;2022-04-08 17:02:48;
317;2022-04-08 17:02:51;
317;2022-04-11 07:16:18;
317;2022-04-11 07:16:21;
317;2022-04-11 07:16:31;
317;2022-04-11 07:16:34;
317;2022-04-11 07:16:37;
317;2022-04-11 17:02:30;
317;2022-04-11 17:02:34;
317;2022-04-12 07:15:50;
317;2022-04-12 07:15:53;
317;2022-04-12 17:00:38;
317;2022-04-12 17:00:41;
317;2022-04-13 07:14:48;
317;2022-04-13 07:14:51;
317;2022-04-13 17:01:49;
317;2022-04-13 17:01:53;
317;2022-04-13 17:01:56;
317;2022-04-14 07:11:48;
317;2022-04-14 07:11:52;
317;2022-04-14 17:02:19;
317;2022-04-14 17:02:22;
317;2022-04-18 07:12:02;
317;2022-04-18 07:12:05;
317;2022-04-18 17:01:08;
317;2022-04-18 17:01:11;
317;2022-04-19 07:11:41;
317;2022-04-19 07:11:44;
317;2022-04-19 07:11:47;
317;2022-04-19 07:11:50;
317;2022-04-19 07:11:54;
317;2022-04-19 17:01:05;
317;2022-04-19 17:01:08;
317;2022-04-20 07:08:27;
317;2022-04-20 07:08:30;
317;2022-04-20 17:01:03;
317;2022-04-20 17:01:07;
317;2022-04-21 07:05:41;
317;2022-04-21 07:05:44;
317;2022-04-22 08:08:51;
317;2022-04-22 08:08:56;
317;2022-04-22 17:02:13;
317;2022-04-22 17:02:17;
317;2022-04-23 07:04:41;
317;2022-04-23 07:04:45;
317;2022-04-23 15:00:18;
317;2022-04-23 15:00:21;
317;2022-04-25 07:06:33;
317;2022-04-25 07:06:36;
317;2022-04-25 16:35:58;
317;2022-04-25 16:36:01;
211;2022-04-08 17:30:30;
211;2022-04-11 07:30:13;
211;2022-04-11 17:33:11;
211;2022-04-12 07:19:46;
211;2022-04-12 17:28:27;
211;2022-04-12 17:31:49;
211;2022-04-13 07:27:30;
211;2022-04-13 17:32:12;
211;2022-04-13 17:32:15;
211;2022-04-14 07:30:29;
211;2022-04-14 17:30:33;
211;2022-04-18 07:27:31;
211;2022-04-18 07:27:34;
211;2022-04-18 07:27:37;
211;2022-04-18 07:27:40;
211;2022-04-18 07:27:49;
211;2022-04-18 07:27:53;
211;2022-04-18 07:27:56;
211;2022-04-18 07:28:00;
211;2022-04-18 07:28:16;
211;2022-04-18 07:28:18;
211;2022-04-18 17:31:50;
211;2022-04-19 07:30:55;
211;2022-04-19 07:31:08;
211;2022-04-19 07:31:17;
211;2022-04-19 17:33:33;
211;2022-04-20 07:31:17;
211;2022-04-20 17:32:42;
211;2022-04-21 07:28:07;
211;2022-04-21 07:28:11;
211;2022-04-21 07:28:14;
211;2022-04-21 07:28:23;
211;2022-04-21 07:28:26;
211;2022-04-22 17:32:28;
211;2022-04-22 17:32:32;
211;2022-04-23 07:03:45;
211;2022-04-23 14:59:41;
211;2022-04-25 07:30:57;
211;2022-04-25 07:31:00;
211;2022-04-25 07:31:03;
211;2022-04-25 07:31:06;
211;2022-04-25 07:31:10;
211;2022-04-25 07:31:13;
211;2022-04-25 07:31:16;
211;2022-04-25 07:31:20;
211;2022-04-25 07:31:23;
211;2022-04-25 07:31:27;
211;2022-04-25 16:30:25;
211;2022-04-25 16:30:30;
